"Id","ActivityDate","TotalSteps","TotalDistance","TrackerDistance","LoggedActivitiesDistance","VeryActiveDistance","ModeratelyActiveDistance","LightActiveDistance","SedentaryActiveDistance","VeryActiveMinutes","FairlyActiveMinutes","LightlyActiveMinutes","SedentaryMinutes"
"1503960366","3/25/2016","11004.0","7.110000134","7.110000134","0.0","2.569999933","0.460000008","4.070000172","0.0","33.0","12.0","205.0","804.0"
"1503960366","3/26/2016","17609.0","11.55000019","11.55000019","0.0","6.920000076","0.7300000190000001","3.910000086","0.0","89.0","17.0","274.0","588.0"
"1503960366","3/27/2016","12736.0","8.529999733","8.529999733","0.0","4.659999847","0.159999996","3.710000038","0.0","56.0","5.0","268.0","605.0"
"1503960366","3/28/2016","13231.0","8.930000305","8.930000305","0.0","3.190000057","0.7900000209999999","4.9499998089999995","0.0","39.0","20.0","224.0","1080.0"
"1503960366","3/29/2016","12041.0","7.849999905","7.849999905","0.0","2.160000086","1.090000033","4.610000134","0.0","28.0","28.0","243.0","763.0"
"1503960366","3/30/2016","10970.0","7.159999847000001","7.159999847000001","0.0","2.359999895","0.50999999","4.289999962","0.0","30.0","13.0","223.0","1174.0"
"1503960366","3/31/2016","12256.0","7.860000134","7.860000134","0.0","2.289999962","0.49000001","5.039999962","0.0","33.0","12.0","239.0","820.0"
"1503960366","4/1/2016","12262.0","7.869999886","7.869999886","0.0","3.319999933","0.829999983","3.640000105","0.0","47.0","21.0","200.0","866.0"
"1503960366","4/2/2016","11248.0","7.25","7.25","0.0","3.0","0.449999988","3.74000001","0.0","40.0","11.0","244.0","636.0"
"1503960366","4/3/2016","10016.0","6.369999886","6.369999886","0.0","0.910000026","1.2799999709999998","4.179999828","0.0","15.0","30.0","314.0","655.0"
"1503960366","4/4/2016","14557.0","9.800000191","9.800000191","0.0","3.390000105","0.699999988","5.690000057000001","0.0","43.0","18.0","285.0","757.0"
"1503960366","4/5/2016","14844.0","9.729999542","9.729999542","0.0","2.940000057","0.75999999","6.039999962","0.0","36.0","18.0","341.0","736.0"
"1503960366","4/6/2016","11974.0","7.670000076","7.670000076","0.0","2.039999962","0.479999989","5.150000095","0.0","27.0","12.0","228.0","1173.0"
"1503960366","4/7/2016","10198.0","6.440000057000001","6.440000057000001","0.0","1.200000048","0.7900000209999999","4.4499998089999995","0.0","17.0","20.0","195.0","1208.0"
"1503960366","4/8/2016","12521.0","7.940000057000001","7.940000057000001","0.0","3.309999943","0.8999999759999999","3.74000001","0.0","46.0","22.0","212.0","1160.0"
"1503960366","4/9/2016","12432.0","8.100000381000001","8.100000381000001","0.0","2.589999914","0.589999974","4.920000076","0.0","32.0","15.0","248.0","738.0"
"1503960366","4/10/2016","10057.0","6.9800000189999984","6.9800000189999984","0.0","4.0","0.49000001","2.480000019","0.0","44.0","13.0","168.0","737.0"
"1503960366","4/11/2016","10990.0","7.260000229","7.260000229","0.0","2.039999962","0.5699999929999999","4.650000095","0.0","26.0","14.0","216.0","855.0"
"1503960366","4/12/2016","224.0","0.140000001","0.140000001","0.0","0.0","0.0","0.129999995","0.0","0.0","0.0","9.0","32.0"
"1624580081","3/25/2016","1810.0","1.179999948","1.179999948","0.0","0.0","0.0","1.129999995","0.01","0.0","0.0","121.0","1319.0"
"1624580081","3/26/2016","815.0","0.5299999710000001","0.5299999710000001","0.0","0.0","0.0","0.5299999710000001","0.0","0.0","0.0","47.0","1393.0"
"1624580081","3/27/2016","1985.0","1.289999962","1.289999962","0.0","0.0","0.0","1.2799999709999998","0.01","0.0","0.0","112.0","1328.0"
"1624580081","3/28/2016","1905.0","1.24000001","1.24000001","0.0","0.0","0.0","1.24000001","0.0","0.0","0.0","95.0","1345.0"
"1624580081","3/29/2016","1552.0","1.00999999","1.00999999","0.0","0.0","0.0","1.0","0.0","0.0","0.0","66.0","1374.0"
"1624580081","3/30/2016","1675.0","1.090000033","1.090000033","0.0","0.0","0.0","1.090000033","0.0","0.0","0.0","84.0","1356.0"
"1624580081","3/31/2016","4506.0","2.930000067","2.930000067","0.0","0.50999999","0.27000001100000004","2.150000095","0.01","7.0","4.0","144.0","1285.0"
"1624580081","4/1/2016","9218.0","5.989999771","5.989999771","0.0","0.0","0.0","5.96999979","0.01","0.0","0.0","221.0","1219.0"
"1624580081","4/2/2016","1556.0","1.00999999","1.00999999","0.0","0.0","0.0","1.00999999","0.01","0.0","0.0","88.0","1352.0"
"1624580081","4/3/2016","2910.0","1.889999986","1.889999986","0.0","0.0","0.0","1.879999995","0.01","0.0","0.0","157.0","1283.0"
"1624580081","4/4/2016","18464.0","12.0","12.0","0.0","0.0","0.0","12.0","0.0","0.0","0.0","270.0","1170.0"
"1624580081","4/5/2016","1335.0","0.870000005","0.870000005","0.0","0.0","0.0","0.870000005","0.0","0.0","0.0","74.0","1366.0"
"1624580081","4/6/2016","1004.0","0.649999976","0.649999976","0.0","0.0","0.0","0.649999976","0.0","0.0","0.0","55.0","1385.0"
"1624580081","4/7/2016","1111.0","0.720000029","0.720000029","0.0","0.0","0.0","0.720000029","0.0","0.0","0.0","54.0","1386.0"
"1624580081","4/8/2016","6344.0","4.119999886","4.119999886","0.0","0.0","0.0","4.099999905","0.0","0.0","0.0","143.0","1297.0"
"1624580081","4/9/2016","3572.0","2.319999933","2.319999933","0.0","0.0","0.0","2.289999962","0.029999999","0.0","0.0","122.0","1318.0"
"1624580081","4/10/2016","3910.0","2.539999962","2.539999962","0.0","0.469999999","0.25","1.809999943","0.01","7.0","7.0","186.0","1240.0"
"1624580081","4/11/2016","10000.0","6.5","6.5","0.0","0.0","0.0","6.5","0.0","0.0","0.0","172.0","1268.0"
"1624580081","4/12/2016","6627.0","4.309999943","4.309999943","0.0","0.0","0.0","4.309999943","0.0","0.0","0.0","89.0","604.0"
"1644430081","4/1/2016","4636.0","3.410000086","3.410000086","0.0","0.0","0.779999971","2.599999905","0.029999999","0.0","16.0","586.0","838.0"
"1644430081","4/2/2016","20237.0","14.71000004","14.71000004","0.0","2.569999933","6.400000095","5.7300000189999984","0.01","34.0","141.0","347.0","918.0"
"1644430081","4/3/2016","12912.0","9.409999847","9.409999847","0.0","4.829999924","0.7699999809999999","3.789999962","0.029999999","59.0","16.0","283.0","1082.0"
"1644430081","4/4/2016","2819.0","2.049999952","2.049999952","0.0","0.310000002","0.17000000199999998","1.5599999430000002","0.01","4.0","4.0","87.0","1345.0"
"1644430081","4/5/2016","9921.0","7.210000038","7.210000038","0.0","0.34000000399999997","1.519999981","5.360000134","0.0","5.0","35.0","219.0","1181.0"
"1644430081","4/6/2016","8046.0","5.849999905","5.849999905","0.0","1.289999962","2.119999886","2.450000048","0.0","18.0","41.0","137.0","1244.0"
"1644430081","4/7/2016","11166.0","8.119999886","8.119999886","0.0","0.209999993","2.410000086","5.5","0.0","3.0","58.0","230.0","1149.0"
"1644430081","4/8/2016","7842.0","5.6999998089999995","5.6999998089999995","0.0","0.479999989","2.410000086","2.809999943","0.0","7.0","43.0","161.0","1229.0"
"1644430081","4/9/2016","13840.0","10.06000042","10.06000042","0.0","1.309999943","3.720000029","5.03000021","0.0","18.0","81.0","192.0","1149.0"
"1644430081","4/10/2016","1329.0","0.970000029","0.970000029","0.0","0.0","0.0","0.970000029","0.0","0.0","0.0","35.0","207.0"
"1844505072","4/1/2016","6847.0","4.53000021","4.53000021","0.0","0.610000014","0.370000005","3.549999952","0.0","9.0","9.0","251.0","1171.0"
"1844505072","4/2/2016","5367.0","3.549999952","3.549999952","0.0","0.0","0.0","3.549999952","0.0","0.0","0.0","263.0","1177.0"
"1844505072","4/3/2016","2841.0","1.879999995","1.879999995","0.0","0.0","0.0","1.879999995","0.0","0.0","0.0","136.0","1114.0"
"1844505072","4/4/2016","0.0","0.0","0.0","0.0","0.0","0.0","0.0","0.0","0.0","0.0","0.0","669.0"
"1844505072","4/5/2016","0.0","0.0","0.0","0.0","0.0","0.0","0.0","0.0","0.0","0.0","0.0","1440.0"
"1844505072","4/6/2016","7.0","0.0","0.0","0.0","0.0","0.0","0.0","0.0","0.0","0.0","1.0","1439.0"
"1844505072","4/7/2016","6344.0","4.190000057","4.190000057","0.0","0.0","0.0","4.190000057","0.0","0.0","0.0","290.0","1150.0"
"1844505072","4/8/2016","5316.0","3.50999999","3.50999999","0.0","0.0","0.0","3.50999999","0.0","0.0","0.0","221.0","1219.0"
"1844505072","4/9/2016","4979.0","3.289999962","3.289999962","0.0","0.0","0.0","3.289999962","0.0","0.0","0.0","184.0","620.0"
"1844505072","4/10/2016","6556.0","4.340000153","4.340000153","0.0","0.0","0.0","4.329999924","0.0","0.0","0.0","305.0","810.0"
"1844505072","4/11/2016","5430.0","3.589999914","3.589999914","0.0","0.0","0.0","3.589999914","0.0","0.0","0.0","251.0","1189.0"
"1844505072","4/12/2016","0.0","0.0","0.0","0.0","0.0","0.0","0.0","0.0","0.0","0.0","0.0","426.0"
"1927972279","4/1/2016","4317.0","2.99000001","2.99000001","0.0","0.0","0.370000005","2.619999886","0.0","0.0","11.0","192.0","854.0"
"1927972279","4/2/2016","5662.0","3.920000076","3.920000076","0.0","0.0","0.0","3.920000076","0.0","0.0","0.0","267.0","858.0"
"1927972279","4/3/2016","3198.0","2.210000038","2.210000038","0.0","0.0","0.0","2.210000038","0.0","0.0","0.0","146.0","1183.0"
"1927972279","4/4/2016","2352.0","1.629999995","1.629999995","0.0","0.0","0.0","1.629999995","0.0","0.0","0.0","128.0","829.0"
"1927972279","4/5/2016","2234.0","1.5499999519999998","1.5499999519999998","0.0","0.0","0.0","1.5499999519999998","0.0","0.0","0.0","108.0","912.0"
"1927972279","4/6/2016","1259.0","0.870000005","0.870000005","0.0","0.0","0.0","0.870000005","0.0","0.0","0.0","73.0","938.0"
"1927972279","4/7/2016","768.0","0.5299999710000001","0.5299999710000001","0.0","0.0","0.0","0.5299999710000001","0.0","0.0","0.0","43.0","1397.0"
"1927972279","4/8/2016","519.0","0.360000014","0.360000014","0.0","0.0","0.0","0.360000014","0.0","0.0","0.0","34.0","1406.0"
"1927972279","4/9/2016","2523.0","1.75","1.75","0.0","0.0","0.370000005","1.379999995","0.0","0.0","9.0","134.0","1250.0"
"1927972279","4/10/2016","2105.0","1.4600000380000002","1.4600000380000002","0.0","0.0","0.0","1.4600000380000002","0.0","0.0","0.0","139.0","805.0"
"1927972279","4/11/2016","1209.0","0.839999974","0.839999974","0.0","0.0","0.0","0.839999974","0.0","0.0","0.0","73.0","842.0"
"1927972279","4/12/2016","24.0","0.02","0.02","0.0","0.0","0.0","0.02","0.0","0.0","0.0","3.0","161.0"
"2022484408","4/1/2016","13603.0","9.600000381","9.600000381","0.0","5.460000038","0.629999995","3.50999999","0.0","72.0","16.0","213.0","1139.0"
"2022484408","4/2/2016","5477.0","3.839999914","3.839999914","0.0","0.0","0.0","3.839999914","0.0","0.0","0.0","237.0","1203.0"
"2022484408","4/3/2016","11144.0","7.820000172","7.820000172","0.0","1.7899999619999998","0.889999986","5.139999866","0.0","25.0","22.0","279.0","1114.0"
"2022484408","4/4/2016","15313.0","11.0","11.0","0.0","5.019999981000001","1.289999962","4.690000057","0.0","62.0","19.0","233.0","1126.0"
"2022484408","4/5/2016","10805.0","7.590000152999999","7.590000152999999","0.0","0.720000029","0.980000019","5.889999866","0.0","36.0","37.0","298.0","1069.0"
"2022484408","4/6/2016","15392.0","10.93000031","10.93000031","0.0","3.430000067","1.75","5.75","0.0","47.0","42.0","258.0","1093.0"
"2022484408","4/7/2016","18247.0","13.82999992","13.82999992","0.0","7.110000134","2.210000038","4.510000229","0.0","72.0","62.0","252.0","1054.0"
"2022484408","4/8/2016","13023.0","9.260000229","9.260000229","0.0","3.230000019","0.560000002","5.46999979","0.0","40.0","12.0","296.0","1092.0"
"2022484408","4/9/2016","16267.0","12.59000015","12.59000015","0.0","5.75","0.469999999","6.369999886","0.0","44.0","16.0","302.0","1078.0"
"2022484408","4/10/2016","10005.0","7.0199999810000016","7.0199999810000016","0.0","0.079999998","1.049999952","5.900000095","0.0","1.0","23.0","339.0","1077.0"
"2022484408","4/11/2016","10106.0","7.090000152999999","7.090000152999999","0.0","1.210000038","0.560000002","5.329999924","0.0","41.0","16.0","272.0","1111.0"
"2022484408","4/12/2016","6717.0","4.71999979","4.71999979","0.0","3.230000019","0.21999999899999995","1.269999981","0.0","41.0","5.0","67.0","551.0"
"2026352035","4/1/2016","2605.0","1.620000005","1.620000005","0.0","0.0","0.0","1.620000005","0.0","0.0","0.0","166.0","729.0"
"2026352035","4/2/2016","1229.0","0.75999999","0.75999999","0.0","0.0","0.0","0.75999999","0.0","0.0","0.0","69.0","795.0"
"2026352035","4/3/2016","2308.0","1.429999948","1.429999948","0.0","0.0","0.0","1.429999948","0.0","0.0","0.0","115.0","720.0"
"2026352035","4/4/2016","6679.0","4.139999866","4.139999866","0.0","0.0","0.0","4.139999866","0.0","0.0","0.0","263.0","644.0"
"2026352035","4/5/2016","5645.0","3.5","3.5","0.0","0.0","0.0","3.5","0.0","0.0","0.0","248.0","621.0"
"2026352035","4/6/2016","3180.0","1.970000029","1.970000029","0.0","0.0","0.0","1.970000029","0.0","0.0","0.0","185.0","738.0"
"2026352035","4/7/2016","2767.0","1.7200000290000002","1.7200000290000002","0.0","0.0","0.0","1.7200000290000002","0.0","0.0","0.0","170.0","673.0"
"2026352035","4/8/2016","3762.0","2.329999924","2.329999924","0.0","0.0","0.0","2.329999924","0.0","0.0","0.0","173.0","719.0"
"2026352035","4/9/2016","3098.0","1.919999957","1.919999957","0.0","0.0","0.0","1.919999957","0.0","0.0","0.0","185.0","700.0"
"2026352035","4/10/2016","5142.0","3.190000057","3.190000057","0.0","0.0","0.0","3.190000057","0.0","0.0","0.0","230.0","654.0"
"2026352035","4/11/2016","3279.0","2.029999971","2.029999971","0.0","0.0","0.0","2.029999971","0.0","0.0","0.0","164.0","694.0"
"2026352035","4/12/2016","1019.0","0.629999995","0.629999995","0.0","0.0","0.0","0.629999995","0.0","0.0","0.0","64.0","223.0"
"2320127002","4/1/2016","0.0","0.0","0.0","0.0","0.0","0.0","0.0","0.0","0.0","0.0","0.0","1440.0"
"2320127002","4/2/2016","0.0","0.0","0.0","0.0","0.0","0.0","0.0","0.0","0.0","0.0","0.0","1440.0"
"2320127002","4/3/2016","0.0","0.0","0.0","0.0","0.0","0.0","0.0","0.0","0.0","0.0","0.0","1440.0"
"2320127002","4/4/2016","0.0","0.0","0.0","0.0","0.0","0.0","0.0","0.0","0.0","0.0","0.0","1440.0"
"2320127002","4/5/2016","4931.0","3.319999933","3.319999933","0.0","0.0","0.0","3.319999933","0.0","0.0","0.0","175.0","1265.0"
"2320127002","4/6/2016","6999.0","4.71999979","4.71999979","0.0","0.0","0.0","4.71999979","0.0","0.0","0.0","320.0","1120.0"
"2320127002","4/7/2016","1846.0","1.24000001","1.24000001","0.0","0.0","0.0","1.24000001","0.0","0.0","0.0","93.0","1347.0"
"2320127002","4/8/2016","3417.0","2.299999952","2.299999952","0.0","0.0","0.0","2.299999952","0.0","0.0","0.0","153.0","1287.0"
"2320127002","4/9/2016","4863.0","3.279999971","3.279999971","0.0","0.05999999900000001","0.419999987","2.799999952","0.0","1.0","11.0","208.0","1220.0"
"2320127002","4/10/2016","2277.0","1.5299999709999998","1.5299999709999998","0.0","0.0","0.0","1.5299999709999998","0.0","0.0","0.0","103.0","1337.0"
"2320127002","4/11/2016","11230.0","7.670000076","7.670000076","0.0","0.889999986","0.119999997","6.659999847000001","0.0","10.0","2.0","390.0","1038.0"
"2320127002","4/12/2016","2098.0","1.409999967","1.409999967","0.0","0.0","0.0","1.409999967","0.0","0.0","0.0","69.0","617.0"
"2347167796","3/29/2016","10272.0","6.789999962","6.789999962","0.0","0.159999996","3.1199998860000004","3.5","0.0","2.0","58.0","208.0","700.0"
"2347167796","3/30/2016","10533.0","7.099999905","7.099999905","0.0","1.769999981","2.059999943","3.269999981","0.0","21.0","35.0","255.0","615.0"
"2347167796","3/31/2016","6760.0","4.46999979","4.46999979","0.0","0.0","0.0","4.46999979","0.0","0.0","0.0","250.0","613.0"
"2347167796","4/1/2016","8328.0","5.510000229","5.510000229","0.0","0.0","2.0","3.5","0.0","0.0","33.0","212.0","804.0"
"2347167796","4/2/2016","15459.0","10.22000027","10.22000027","0.0","3.589999914","0.810000002","5.820000172","0.0","51.0","16.0","327.0","583.0"
"2347167796","4/3/2016","7485.0","4.9499998089999995","4.9499998089999995","0.0","0.0","0.0","4.9499998089999995","0.0","0.0","0.0","324.0","491.0"
"2347167796","4/4/2016","10254.0","6.8000001910000005","6.8000001910000005","0.0","1.419999957","1.230000019","4.159999847","0.0","21.0","25.0","231.0","638.0"
"2347167796","4/5/2016","10114.0","6.820000172","6.820000172","0.0","1.639999986","0.479999989","4.679999828","0.0","18.0","9.0","269.0","696.0"
"2347167796","4/6/2016","11107.0","7.340000152999999","7.340000152999999","0.0","0.8999999759999999","2.75999999","3.680000067","0.0","14.0","46.0","196.0","759.0"
"2347167796","4/7/2016","10320.0","6.849999905","6.849999905","0.0","0.6800000070000001","1.230000019","4.940000057","0.0","15.0","32.0","315.0","1002.0"
"2347167796","4/8/2016","10209.0","6.75","6.75","0.0","0.159999996","0.349999994","6.2300000189999984","0.0","2.0","6.0","316.0","711.0"
"2347167796","4/9/2016","16081.0","10.63000011","10.63000011","0.0","1.25","1.820000052","7.559999942999999","0.0","16.0","32.0","401.0","970.0"
"2347167796","4/10/2016","10078.0","6.829999924","6.829999924","0.0","1.019999981","0.119999997","5.690000057000001","0.0","12.0","3.0","303.0","463.0"
"2347167796","4/11/2016","10001.0","6.610000134","6.610000134","0.0","0.330000013","2.930000067","3.359999895","0.0","5.0","52.0","196.0","788.0"
"2347167796","4/12/2016","0.0","0.0","0.0","0.0","0.0","0.0","0.0","0.0","0.0","0.0","0.0","425.0"
"2873212765","4/1/2016","890.0","0.600000024","0.600000024","0.0","0.0","0.0","0.600000024","0.0","0.0","0.0","41.0","1399.0"
"2873212765","4/2/2016","2214.0","1.49000001","1.49000001","0.0","0.0","0.0","1.49000001","0.0","0.0","0.0","197.0","1243.0"
"2873212765","4/3/2016","7640.0","5.130000114","5.130000114","0.0","0.189999998","0.800000012","4.150000095","0.0","3.0","15.0","315.0","1107.0"
"2873212765","4/4/2016","9713.0","6.53000021","6.53000021","0.0","0.34000000399999997","0.889999986","5.289999962","0.0","6.0","24.0","355.0","1055.0"
"2873212765","4/5/2016","8432.0","5.670000076","5.670000076","0.0","0.0","0.0","5.650000095","0.01","0.0","0.0","374.0","1066.0"
"2873212765","4/6/2016","7350.0","4.940000057","4.940000057","0.0","0.0","0.0","4.940000057","0.0","0.0","0.0","382.0","1058.0"
"2873212765","4/7/2016","9353.0","6.309999942999999","6.309999942999999","0.0","0.370000005","0.689999998","5.239999771","0.0","5.0","17.0","363.0","1055.0"
"2873212765","4/8/2016","7157.0","4.809999943","4.809999943","0.0","0.0","0.0","4.809999943","0.0","0.0","0.0","380.0","1060.0"
"2873212765","4/9/2016","14103.0","9.56000042","9.56000042","0.0","3.019999981","0.409999996","6.139999866","0.01","46.0","8.0","288.0","1098.0"
"2873212765","4/10/2016","5290.0","3.549999952","3.549999952","0.0","0.039999999","0.34000000399999997","3.1700000760000004","0.0","1.0","8.0","251.0","1180.0"
"2873212765","4/11/2016","7497.0","5.039999962","5.039999962","0.0","0.0","0.0","5.039999962","0.0","0.0","0.0","357.0","882.0"
"2873212765","4/12/2016","0.0","0.0","0.0","0.0","0.0","0.0","0.0","0.0","0.0","0.0","0.0","1440.0"
"2891001357","3/29/2016","0.0","0.0","0.0","0.0","0.0","0.0","0.0","0.0","0.0","0.0","0.0","1440.0"
"2891001357","3/30/2016","0.0","0.0","0.0","0.0","0.0","0.0","0.0","0.0","0.0","0.0","0.0","1440.0"
"2891001357","3/31/2016","0.0","0.0","0.0","0.0","0.0","0.0","0.0","0.0","0.0","0.0","0.0","1440.0"
"2891001357","4/1/2016","0.0","0.0","0.0","4.828032017","0.0","0.0","0.0","0.0","0.0","660.0","0.0","780.0"
"2891001357","4/2/2016","4126.0","3.220000029","0.0","3.218688011","0.0","0.0","3.220000029","0.0","0.0","0.0","720.0","720.0"
"2891001357","4/3/2016","0.0","0.0","0.0","0.0","0.0","0.0","0.0","0.0","0.0","0.0","0.0","1440.0"
"2891001357","4/4/2016","0.0","0.0","0.0","0.0","0.0","0.0","0.0","0.0","0.0","0.0","0.0","1440.0"
"2891001357","4/5/2016","2063.0","1.610000014","0.0","1.609344006","0.0","0.0","1.610000014","0.0","0.0","0.0","630.0","99.0"
"3372868164","4/1/2016","5785.0","3.950000048","3.950000048","0.0","0.0","0.0","3.910000086","0.039999999","0.0","0.0","311.0","1129.0"
"3372868164","4/2/2016","7625.0","5.230000018999999","5.230000018999999","0.0","1.679999948","0.039999999","3.5","0.01","24.0","1.0","341.0","1074.0"
"3372868164","4/3/2016","4706.0","3.210000038","3.210000038","0.0","0.0","0.0","3.210000038","0.0","0.0","0.0","299.0","1141.0"
"3372868164","4/4/2016","5861.0","4.0199999810000016","4.0199999810000016","0.0","1.299999952","0.21999999899999995","2.49000001","0.01","20.0","7.0","233.0","1180.0"
"3372868164","4/5/2016","4460.0","3.039999962","3.039999962","0.0","0.0","0.0","3.019999981","0.029999999","0.0","0.0","248.0","1192.0"
"3372868164","4/6/2016","6406.0","4.389999866","4.389999866","0.0","0.779999971","0.09000000400000001","3.519999981","0.01","17.0","4.0","325.0","1094.0"
"3372868164","4/7/2016","7392.0","5.099999905","5.099999905","0.0","0.870000005","0.159999996","4.0500001910000005","0.02","14.0","9.0","332.0","1085.0"
"3372868164","4/8/2016","5551.0","3.789999962","3.789999962","0.0","0.0","0.0","3.769999981","0.01","0.0","0.0","282.0","1158.0"
"3372868164","4/9/2016","8827.0","6.25","6.25","0.0","1.769999981","0.479999989","4.0","0.01","21.0","10.0","346.0","1063.0"
"3372868164","4/10/2016","4662.0","3.180000067","3.180000067","0.0","1.039999962","0.150000006","1.99000001","0.0","22.0","4.0","152.0","735.0"
"3977333714","4/1/2016","4499.0","3.00999999","3.00999999","0.0","0.0","0.0","3.00999999","0.0","0.0","0.0","168.0","842.0"
"3977333714","4/2/2016","7618.0","5.099999905","5.099999905","0.0","0.0","0.180000007","4.909999847","0.0","0.0","6.0","302.0","842.0"
"3977333714","4/3/2016","11508.0","7.699999808999999","7.699999808999999","0.0","2.170000076","0.839999974","4.690000057","0.0","29.0","22.0","282.0","748.0"
"3977333714","4/4/2016","11943.0","7.989999771","7.989999771","0.0","1.0299999709999998","2.00999999","4.9499998089999995","0.0","16.0","43.0","297.0","710.0"
"3977333714","4/5/2016","12303.0","8.229999542","8.229999542","0.0","1.7100000380000002","1.350000024","5.170000076","0.0","26.0","32.0","291.0","605.0"
"3977333714","4/6/2016","15425.0","10.31999969","10.31999969","0.0","1.620000005","1.820000052","6.869999886","0.0","24.0","45.0","331.0","614.0"
"3977333714","4/7/2016","8422.0","5.630000114","5.630000114","0.0","0.0","3.599999905","2.039999962","0.0","0.0","81.0","139.0","815.0"
"3977333714","4/8/2016","10226.0","6.840000152999999","6.840000152999999","0.0","0.0","4.440000057","2.400000095","0.0","0.0","101.0","174.0","685.0"
"3977333714","4/9/2016","14583.0","9.760000229","9.760000229","0.0","2.480000019","1.74000001","5.53000021","0.0","35.0","36.0","254.0","697.0"
"3977333714","4/10/2016","3573.0","2.390000105","2.390000105","0.0","0.939999998","0.409999996","0.970000029","0.0","15.0","8.0","99.0","866.0"
"3977333714","4/11/2016","3108.0","2.140000105","2.140000105","0.0","0.07","0.039999999","1.960000038","0.0","1.0","1.0","129.0","894.0"
"3977333714","4/12/2016","759.0","0.5699999929999999","0.5699999929999999","0.0","0.0","0.0","0.5699999929999999","0.0","0.0","0.0","17.0","187.0"
"4020332650","3/12/2016","5543.0","3.970000029","3.970000029","0.0","0.0","0.0","3.960000038","0.01","0.0","0.0","254.0","757.0"
"4020332650","3/13/2016","3226.0","2.309999943","2.309999943","0.0","0.0","0.0","2.279999971","0.0","0.0","0.0","136.0","771.0"
"4020332650","3/14/2016","3023.0","2.170000076","2.170000076","0.0","0.0","0.0","2.140000105","0.0","0.0","0.0","145.0","1005.0"
"4020332650","3/15/2016","5906.0","4.2300000189999984","4.2300000189999984","0.0","0.0","0.159999996","4.039999962","0.0","0.0","10.0","215.0","874.0"
"4020332650","3/16/2016","12483.0","8.989999771","8.989999771","0.0","1.4500000480000002","0.5699999929999999","6.900000095","0.0","25.0","14.0","309.0","599.0"
"4020332650","3/17/2016","8940.0","6.409999847000001","6.409999847000001","0.0","0.0","0.0","0.610000014","0.039999999","0.0","0.0","47.0","986.0"
"4020332650","3/18/2016","368.0","0.25999999","0.25999999","0.0","0.0","0.0","0.0","0.0","0.0","0.0","0.0","1440.0"
"4020332650","3/19/2016","5702.0","4.090000153","4.090000153","0.0","0.0","0.0","0.0","0.0","0.0","0.0","0.0","1440.0"
"4020332650","3/20/2016","10330.0","7.409999847000001","7.409999847000001","0.0","0.0","0.0","0.0","0.0","0.0","0.0","0.0","1440.0"
"4020332650","3/21/2016","8778.0","6.289999962","6.289999962","0.0","0.0","0.0","0.0","0.0","0.0","0.0","0.0","1440.0"
"4020332650","3/22/2016","6662.0","4.78000021","4.78000021","0.0","0.0","0.0","0.0","0.0","0.0","0.0","0.0","1440.0"
"4020332650","3/23/2016","6309.0","4.519999981000001","4.519999981000001","0.0","0.0","0.0","0.0","0.0","0.0","0.0","0.0","1440.0"
"4020332650","3/24/2016","1951.0","1.409999967","1.409999967","0.0","0.0","0.0","0.0","0.0","0.0","0.0","0.0","1440.0"
"4020332650","3/25/2016","5563.0","3.99000001","3.99000001","0.0","0.0","0.0","0.0","0.0","0.0","0.0","0.0","1440.0"
"4020332650","3/26/2016","4370.0","3.1300001139999996","3.1300001139999996","0.0","0.0","0.0","0.0","0.0","0.0","0.0","0.0","1440.0"
"4020332650","3/27/2016","7144.0","5.119999886","5.119999886","0.0","0.0","0.0","0.0","0.0","0.0","0.0","0.0","1440.0"
"4020332650","3/28/2016","2106.0","1.50999999","1.50999999","0.0","0.02","0.050000000999999995","0.209999993","0.0","31.0","45.0","75.0","1289.0"
"4020332650","3/29/2016","4152.0","2.980000019","2.980000019","0.0","0.0","0.0","2.960000038","0.0","0.0","0.0","187.0","1253.0"
"4020332650","3/30/2016","5400.0","3.869999886","3.869999886","0.0","0.0","0.0","3.849999905","0.0","0.0","0.0","258.0","795.0"
"4020332650","3/31/2016","7428.0","5.329999924","5.329999924","0.0","0.870000005","0.920000017","3.50999999","0.0","18.0","33.0","261.0","860.0"
"4020332650","4/1/2016","5351.0","3.839999914","3.839999914","0.0","0.620000005","0.180000007","3.00999999","0.0","15.0","17.0","210.0","748.0"
"4020332650","4/2/2016","4299.0","3.099999905","3.099999905","0.0","0.09000000400000001","0.209999993","2.74000001","0.039999999","3.0","15.0","162.0","752.0"
"4020332650","4/3/2016","6107.0","4.380000114","4.380000114","0.0","0.0","0.0","4.360000134","0.0","0.0","0.0","265.0","776.0"
"4020332650","4/4/2016","6429.0","4.599999905","4.599999905","0.0","0.0","0.949999988","3.650000095","0.0","0.0","28.0","193.0","741.0"
"4020332650","4/5/2016","6880.0","4.929999828","4.929999828","0.0","0.5","0.75999999","3.650000095","0.0","7.0","19.0","165.0","1249.0"
"4020332650","4/6/2016","7476.0","5.360000134","5.360000134","0.0","0.0","0.0","5.309999943","0.0","0.0","0.0","263.0","920.0"
"4020332650","4/7/2016","6581.0","4.71999979","4.71999979","0.0","0.0","0.289999992","4.389999866","0.0","0.0","8.0","241.0","1191.0"
"4020332650","4/8/2016","10480.0","7.510000229","7.510000229","0.0","0.409999996","1.4700000290000002","5.010000229","0.039999999","6.0","37.0","272.0","1125.0"
"4020332650","4/9/2016","7734.0","5.5500001910000005","5.5500001910000005","0.0","1.159999967","0.49000001","3.819999933","0.05999999900000001","20.0","12.0","223.0","1185.0"
"4020332650","4/10/2016","5129.0","3.680000067","3.680000067","0.0","0.180000007","0.239999995","3.210000038","0.01","5.0","7.0","176.0","1178.0"
"4020332650","4/11/2016","2993.0","2.150000095","2.150000095","0.0","0.0","0.0","2.089999914","0.0","0.0","0.0","114.0","888.0"
"4020332650","4/12/2016","8.0","0.01","0.01","0.0","0.0","0.0","0.01","0.0","0.0","0.0","1.0","321.0"
"4057192912","3/12/2016","0.0","0.0","0.0","0.0","0.0","0.0","0.0","0.0","0.0","0.0","0.0","1440.0"
"4057192912","3/13/2016","0.0","0.0","0.0","0.0","0.0","0.0","0.0","0.0","0.0","0.0","0.0","1440.0"
"4057192912","3/14/2016","8433.0","6.2300000189999984","6.2300000189999984","0.0","2.450000048","0.330000013","3.440000057","0.0","30.0","7.0","135.0","1268.0"
"4057192912","3/15/2016","0.0","0.0","0.0","0.0","0.0","0.0","0.0","0.0","0.0","0.0","0.0","1440.0"
"4057192912","3/16/2016","2139.0","1.5599999430000002","1.5599999430000002","0.0","0.0","1.299999952","0.25999999","0.0","0.0","28.0","15.0","1397.0"
"4057192912","3/17/2016","0.0","0.0","0.0","0.0","0.0","0.0","0.0","0.0","0.0","0.0","0.0","1440.0"
"4057192912","3/18/2016","949.0","0.689999998","0.689999998","0.0","0.0","0.0","0.689999998","0.0","0.0","0.0","34.0","1406.0"
"4057192912","3/19/2016","0.0","0.0","0.0","0.0","0.0","0.0","0.0","0.0","0.0","0.0","0.0","1440.0"
"4057192912","3/20/2016","44.0","0.029999999","0.029999999","0.0","0.0","0.0","0.029999999","0.0","0.0","0.0","2.0","1438.0"
"4057192912","3/21/2016","2660.0","1.940000057","1.940000057","0.0","0.0","0.0","1.940000057","0.0","0.0","0.0","46.0","1394.0"
"4057192912","3/22/2016","5561.0","4.190000057","4.190000057","0.0","0.0","0.0","4.070000172","0.0","0.0","0.0","169.0","1271.0"
"4057192912","3/23/2016","7239.0","5.340000153","5.340000153","0.0","0.550000012","0.360000014","4.380000114","0.0","7.0","7.0","190.0","1236.0"
"4057192912","3/24/2016","7.0","0.01","0.01","0.0","0.0","0.0","0.01","0.0","0.0","0.0","1.0","1439.0"
"4057192912","3/25/2016","0.0","0.0","0.0","0.0","0.0","0.0","0.0","0.0","0.0","0.0","0.0","1440.0"
"4057192912","3/26/2016","0.0","0.0","0.0","0.0","0.0","0.0","0.0","0.0","0.0","0.0","0.0","1440.0"
"4057192912","3/27/2016","2275.0","1.679999948","1.679999948","0.0","0.0","0.0","1.659999967","0.0","0.0","0.0","86.0","1354.0"
"4057192912","3/28/2016","8.0","0.01","0.01","0.0","0.0","0.0","0.01","0.0","0.0","0.0","1.0","1439.0"
"4057192912","3/29/2016","5137.0","3.75999999","3.75999999","0.0","0.0","0.0","3.75999999","0.0","0.0","0.0","160.0","1280.0"
"4057192912","3/30/2016","5419.0","4.0","4.570000172","0.055842999","0.0","0.0","3.910000086","0.05999999900000001","0.0","0.0","145.0","1295.0"
"4057192912","3/31/2016","0.0","0.0","0.0","0.0","0.0","0.0","0.0","0.0","0.0","0.0","0.0","1440.0"
"4057192912","4/1/2016","0.0","0.0","0.0","0.0","0.0","0.0","0.0","0.0","0.0","0.0","0.0","1440.0"
"4057192912","4/2/2016","0.0","0.0","0.0","0.0","0.0","0.0","0.0","0.0","0.0","0.0","0.0","1440.0"
"4057192912","4/3/2016","0.0","0.0","0.0","0.0","0.0","0.0","0.0","0.0","0.0","0.0","0.0","1440.0"
"4057192912","4/4/2016","0.0","0.0","0.0","0.0","0.0","0.0","0.0","0.0","0.0","0.0","0.0","1440.0"
"4057192912","4/5/2016","0.0","0.0","0.0","0.0","0.0","0.0","0.0","0.0","0.0","0.0","0.0","1440.0"
"4057192912","4/6/2016","18.0","0.01","0.01","0.0","0.0","0.0","0.01","0.0","0.0","0.0","2.0","1438.0"
"4057192912","4/7/2016","4.0","0.0","0.0","0.0","0.0","0.0","0.0","0.0","0.0","0.0","1.0","1439.0"
"4057192912","4/8/2016","8426.0","6.159999847000001","6.159999847000001","0.0","0.129999995","5.489999771","0.540000021","0.0","2.0","120.0","25.0","1293.0"
"4057192912","4/9/2016","1650.0","1.210000038","1.210000038","0.0","0.0","0.0","1.210000038","0.0","0.0","0.0","60.0","1380.0"
"4057192912","4/10/2016","3434.0","2.50999999","2.50999999","0.0","0.07","0.300000012","2.140000105","0.0","1.0","7.0","108.0","1324.0"
"4057192912","4/11/2016","6801.0","4.980000018999999","4.980000018999999","0.0","0.0","0.0","4.96999979","0.0","0.0","0.0","193.0","1247.0"
"4057192912","4/12/2016","187.0","0.140000001","0.140000001","0.0","0.0","0.0","0.140000001","0.0","0.0","0.0","11.0","400.0"
"4319703577","3/29/2016","5643.0","3.789999962","3.789999962","0.0","0.230000004","0.330000013","3.230000019","0.0","3.0","8.0","199.0","683.0"
"4319703577","3/30/2016","9043.0","6.070000172","6.070000172","0.0","0.25","0.430000007","5.369999886","0.0","4.0","12.0","244.0","702.0"
"4319703577","3/31/2016","8144.0","5.460000038","5.460000038","0.0","0.25","0.610000014","4.610000134","0.0","4.0","17.0","247.0","1125.0"
"4319703577","4/1/2016","9343.0","6.2699999810000016","6.2699999810000016","0.0","0.959999979","0.8500000240000001","4.460000038","0.0","14.0","20.0","268.0","654.0"
"4319703577","4/2/2016","8405.0","5.659999847000001","5.659999847000001","0.0","1.129999995","0.189999998","4.340000153","0.0","15.0","4.0","257.0","621.0"
"4319703577","4/3/2016","8223.0","5.5199999810000016","5.5199999810000016","0.0","0.800000012","1.50999999","3.210000038","0.0","12.0","37.0","257.0","551.0"
"4319703577","4/4/2016","10067.0","6.760000229","6.760000229","0.0","0.360000014","1.419999957","4.96999979","0.0","5.0","39.0","313.0","578.0"
"4319703577","4/5/2016","8359.0","5.630000114","5.630000114","0.0","0.230000004","0.5299999710000001","4.869999886","0.0","3.0","14.0","311.0","638.0"
"4319703577","4/6/2016","10946.0","7.349999905","7.349999905","0.0","0.540000021","2.089999914","4.71999979","0.0","8.0","51.0","308.0","569.0"
"4319703577","4/7/2016","9130.0","6.150000095","6.150000095","0.0","0.5","0.379999995","5.269999981000001","0.0","7.0","11.0","304.0","668.0"
"4319703577","4/8/2016","6544.0","4.409999847","4.409999847","0.0","0.289999992","0.25999999","3.859999895","0.0","4.0","6.0","276.0","1132.0"
"4319703577","4/9/2016","0.0","0.0","0.0","0.0","0.0","0.0","0.0","0.0","0.0","0.0","0.0","1440.0"
"4388161847","3/29/2016","0.0","0.0","0.0","0.0","0.0","0.0","0.0","0.0","0.0","0.0","0.0","1440.0"
"4388161847","3/30/2016","0.0","0.0","0.0","0.0","0.0","0.0","0.0","0.0","0.0","0.0","0.0","1440.0"
"4388161847","3/31/2016","0.0","0.0","0.0","0.0","0.0","0.0","0.0","0.0","0.0","0.0","0.0","1440.0"
"4388161847","4/1/2016","0.0","0.0","0.0","0.0","0.0","0.0","0.0","0.0","0.0","0.0","0.0","1440.0"
"4388161847","4/2/2016","0.0","0.0","0.0","0.0","0.0","0.0","0.0","0.0","0.0","0.0","0.0","1440.0"
"4388161847","4/3/2016","0.0","0.0","0.0","0.0","0.0","0.0","0.0","0.0","0.0","0.0","0.0","1440.0"
"4388161847","4/4/2016","0.0","0.0","0.0","0.0","0.0","0.0","0.0","0.0","0.0","0.0","0.0","1440.0"
"4388161847","4/5/2016","0.0","0.0","0.0","0.0","0.0","0.0","0.0","0.0","0.0","0.0","0.0","994.0"
"4445114986","3/29/2016","2303.0","1.5499999519999998","1.5499999519999998","0.0","0.0","0.0","1.5499999519999998","0.0","0.0","0.0","155.0","807.0"
"4445114986","3/30/2016","2600.0","1.74000001","1.74000001","0.0","0.0","0.0","1.74000001","0.0","0.0","0.0","163.0","1277.0"
"4445114986","3/31/2016","4804.0","3.220000029","3.220000029","0.0","0.0","0.0","3.220000029","0.0","0.0","0.0","238.0","786.0"
"4445114986","4/1/2016","3271.0","2.190000057","2.190000057","0.0","0.0","0.0","2.190000057","0.0","0.0","0.0","205.0","898.0"
"4445114986","4/2/2016","5406.0","3.630000114","3.630000114","0.0","0.0","0.0","3.609999895","0.0","0.0","0.0","273.0","672.0"
"4445114986","4/3/2016","3146.0","2.109999895","2.109999895","0.0","0.0","0.0","2.109999895","0.0","0.0","0.0","171.0","1269.0"
"4445114986","4/4/2016","2422.0","1.629999995","1.629999995","0.0","0.0","0.0","1.629999995","0.0","0.0","0.0","110.0","1330.0"
"4445114986","4/5/2016","4239.0","2.839999914","2.839999914","0.0","0.05999999900000001","0.239999995","2.529999971","0.0","1.0","6.0","235.0","702.0"
"4445114986","4/6/2016","6911.0","4.78000021","4.78000021","0.0","2.319999933","0.100000001","2.359999895","0.0","28.0","2.0","215.0","745.0"
"4445114986","4/7/2016","6667.0","4.610000134","4.610000134","0.0","2.019999981","0.050000000999999995","2.549999952","0.0","24.0","1.0","208.0","939.0"
"4445114986","4/8/2016","5543.0","3.720000029","3.720000029","0.0","0.0","0.0","3.720000029","0.0","0.0","0.0","266.0","941.0"
"4445114986","4/9/2016","4195.0","2.809999943","2.809999943","0.0","0.0","0.0","2.809999943","0.0","0.0","0.0","239.0","758.0"
"4445114986","4/10/2016","6625.0","4.4499998089999995","4.4499998089999995","0.0","0.0","0.0","4.4499998089999995","0.0","0.0","0.0","316.0","755.0"
"4445114986","4/11/2016","5986.0","4.130000114","4.130000114","0.0","1.950000048","0.230000004","1.950000048","0.0","23.0","5.0","195.0","789.0"
"4445114986","4/12/2016","278.0","0.189999998","0.189999998","0.0","0.0","0.0","0.189999998","0.0","0.0","0.0","20.0","253.0"
"4558609924","4/1/2016","5336.0","3.529999971","3.529999971","0.0","0.0","0.0","3.529999971","0.0","0.0","0.0","258.0","1182.0"
"4558609924","4/2/2016","3183.0","2.099999905","2.099999905","0.0","0.0","0.0","2.099999905","0.0","0.0","0.0","173.0","1180.0"
"4558609924","4/3/2016","6176.0","4.079999924","4.079999924","0.0","0.07","0.25999999","3.75","0.0","1.0","7.0","269.0","886.0"
"4558609924","4/4/2016","8205.0","5.420000076","5.420000076","0.0","0.0","0.0","5.420000076","0.0","0.0","0.0","367.0","1073.0"
"4558609924","4/5/2016","6799.0","4.489999771","4.489999771","0.0","1.590000033","0.860000014","2.039999962","0.0","24.0","14.0","185.0","1217.0"
"4558609924","4/6/2016","5668.0","3.75","3.75","0.0","0.0","0.0","3.75","0.0","0.0","0.0","259.0","1181.0"
"4558609924","4/7/2016","7998.0","5.289999962","5.289999962","0.0","0.50999999","0.25","4.53000021","0.0","27.0","12.0","296.0","1105.0"
"4558609924","4/8/2016","4195.0","2.769999981","2.769999981","0.0","0.0","0.0","2.769999981","0.0","0.0","0.0","241.0","1199.0"
"4558609924","4/9/2016","5512.0","3.640000105","3.640000105","0.0","0.0","0.0","3.640000105","0.0","0.0","0.0","276.0","1164.0"
"4558609924","4/10/2016","6263.0","4.139999866","4.139999866","0.0","0.0","0.0","4.130000114","0.0","0.0","0.0","290.0","1150.0"
"4558609924","4/11/2016","8828.0","5.840000152999999","5.840000152999999","0.0","0.0","0.0","5.840000152999999","0.0","0.0","0.0","308.0","1132.0"
"4558609924","4/12/2016","1260.0","0.829999983","0.829999983","0.0","0.0","0.0","0.8199999929999999","0.0","0.0","0.0","76.0","555.0"
"4702921684","3/29/2016","6506.0","5.28000021","5.28000021","0.0","0.330000013","0.27000001100000004","4.670000076","0.0","4.0","5.0","241.0","760.0"
"4702921684","3/30/2016","7583.0","6.150000095","6.150000095","0.0","0.25","0.550000012","5.349999905","0.0","3.0","13.0","227.0","742.0"
"4702921684","3/31/2016","6963.0","5.650000095","5.650000095","0.0","0.0","0.0","5.650000095","0.0","0.0","0.0","256.0","759.0"
"4702921684","4/1/2016","7165.0","5.809999942999999","5.809999942999999","0.0","0.0","0.370000005","5.440000057000001","0.0","0.0","9.0","248.0","708.0"
"4702921684","4/2/2016","10328.0","8.380000114","8.380000114","0.0","0.0","1.4600000380000002","6.920000076","0.0","0.0","32.0","367.0","475.0"
"4702921684","4/3/2016","12116.0","9.829999924","9.829999924","0.0","0.25","2.849999905","6.71999979","0.0","3.0","57.0","323.0","471.0"
"4702921684","4/4/2016","7810.0","6.360000134","6.360000134","0.0","0.479999989","1.200000048","4.679999828","0.0","6.0","27.0","216.0","746.0"
"4702921684","4/5/2016","6670.0","5.409999847000001","5.409999847000001","0.0","1.24000001","0.800000012","3.3699998860000004","0.0","15.0","16.0","199.0","770.0"
"4702921684","4/6/2016","7605.0","6.179999828","6.179999828","0.0","0.330000013","0.209999993","5.630000114","0.0","4.0","4.0","248.0","708.0"
"4702921684","4/7/2016","6585.0","5.340000153","5.340000153","0.0","0.0","0.0","5.340000153","0.0","0.0","0.0","210.0","770.0"
"4702921684","4/8/2016","8184.0","6.639999866","6.639999866","0.0","0.0","0.620000005","5.9499998089999995","0.0","0.0","15.0","247.0","808.0"
"4702921684","4/9/2016","14002.0","11.35999966","11.35999966","0.0","0.610000014","2.680000067","8.06000042","0.0","8.0","56.0","381.0","407.0"
"4702921684","4/10/2016","11135.0","9.029999733","9.029999733","0.0","0.079999998","1.159999967","7.789999962","0.0","1.0","25.0","331.0","528.0"
"4702921684","4/11/2016","6499.0","5.269999981000001","5.269999981000001","0.0","0.0","0.0","5.269999981000001","0.0","0.0","0.0","207.0","809.0"
"4702921684","4/12/2016","0.0","0.0","0.0","0.0","0.0","0.0","0.0","0.0","0.0","0.0","0.0","1440.0"
"5553957443","4/1/2016","12409.0","8.100000381000001","8.100000381000001","0.0","2.900000095","0.629999995","4.579999924","0.0","51.0","12.0","235.0","782.0"
"5553957443","4/2/2016","2937.0","1.919999957","1.919999957","0.0","0.0","0.0","1.909999967","0.0","0.0","0.0","181.0","356.0"
"5553957443","4/3/2016","1515.0","0.99000001","0.99000001","0.0","0.0","0.0","0.99000001","0.0","0.0","0.0","93.0","507.0"
"5553957443","4/4/2016","8921.0","5.880000114","5.880000114","0.0","2.069999933","0.4399999979999999","3.359999895","0.0","27.0","8.0","198.0","754.0"
"5553957443","4/5/2016","11306.0","7.380000113999999","7.380000113999999","0.0","2.309999943","0.980000019","4.090000153","0.0","40.0","26.0","218.0","772.0"
"5553957443","4/6/2016","12252.0","8.0","8.0","0.0","2.410000086","1.7000000480000002","3.890000105","0.0","33.0","28.0","229.0","745.0"
"5553957443","4/7/2016","15444.0","10.07999992","10.07999992","0.0","3.269999981","1.730000019","5.079999924","0.0","51.0","39.0","243.0","731.0"
"5553957443","4/8/2016","9938.0","6.489999771","6.489999771","0.0","2.140000105","1.2799999709999998","3.0799999239999996","0.0","38.0","24.0","193.0","767.0"
"5553957443","4/9/2016","4599.0","3.0","3.0","0.0","0.0","0.0","3.0","0.0","0.0","0.0","176.0","578.0"
"5553957443","4/10/2016","5594.0","3.650000095","3.650000095","0.0","0.280000001","1.480000019","1.889999986","0.0","4.0","25.0","150.0","552.0"
"5553957443","4/11/2016","11906.0","7.7699999810000016","7.7699999810000016","0.0","2.25999999","1.519999981","3.99000001","0.0","32.0","27.0","234.0","688.0"
"5553957443","4/12/2016","3436.0","2.24000001","2.24000001","0.0","0.5","0.670000017","1.049999952","0.0","7.0","11.0","50.0","61.0"
"5577150313","4/1/2016","10461.0","7.869999886","7.869999886","0.0","4.760000229","0.8500000240000001","2.25","0.0","99.0","31.0","142.0","721.0"
"5577150313","4/2/2016","14873.0","11.10999966","11.10999966","0.0","8.18999958","0.600000024","2.309999943","0.0","202.0","36.0","153.0","663.0"
"5577150313","4/3/2016","9917.0","7.409999847000001","7.409999847000001","0.0","1.99000001","0.970000029","4.440000057","0.0","58.0","27.0","240.0","700.0"
"5577150313","4/4/2016","7401.0","5.559999942999999","5.559999942999999","0.0","2.319999933","0.360000014","2.8800001139999996","0.0","70.0","19.0","204.0","689.0"
"5577150313","4/5/2016","8964.0","6.6999998089999995","6.6999998089999995","0.0","3.970000029","0.189999998","2.529999971","0.0","107.0","18.0","145.0","756.0"
"5577150313","4/6/2016","11080.0","8.300000191","8.300000191","0.0","3.1300001139999996","1.370000005","3.809999943","0.0","83.0","52.0","190.0","695.0"
"5577150313","4/7/2016","4499.0","3.359999895","3.359999895","0.0","0.889999986","0.25999999","2.210000038","0.0","31.0","11.0","146.0","756.0"
"5577150313","4/8/2016","4363.0","3.25999999","3.25999999","0.0","0.129999995","0.05999999900000001","3.0799999239999996","0.0","8.0","2.0","156.0","813.0"
"5577150313","4/9/2016","10494.0","7.840000152999999","7.840000152999999","0.0","4.909999847","0.779999971","2.150000095","0.0","123.0","62.0","138.0","601.0"
"5577150313","4/10/2016","9776.0","7.380000113999999","7.380000113999999","0.0","2.930000067","1.429999948","3.019999981","0.0","80.0","35.0","162.0","721.0"
"5577150313","4/11/2016","2862.0","2.140000105","2.140000105","0.0","1.039999962","0.25","0.839999974","0.0","39.0","17.0","54.0","209.0"
"6117666160","4/1/2016","7444.0","5.619999886","5.619999886","0.0","0.0","0.0","5.619999886","0.0","0.0","0.0","286.0","568.0"
"6117666160","4/2/2016","19658.0","14.84000015","14.84000015","0.0","0.239999995","2.089999914","12.51000023","0.0","3.0","30.0","475.0","466.0"
"6117666160","4/3/2016","0.0","0.0","0.0","0.0","0.0","0.0","0.0","0.0","0.0","0.0","0.0","1440.0"
"6117666160","4/4/2016","8468.0","6.389999866","6.389999866","0.0","0.180000007","0.639999986","5.570000172","0.0","2.0","11.0","279.0","1148.0"
"6117666160","4/5/2016","9910.0","7.4800000189999984","7.4800000189999984","0.0","0.0","0.0","7.4800000189999984","0.0","0.0","0.0","384.0","990.0"
"6117666160","4/6/2016","12409.0","9.369999886","9.369999886","0.0","0.0","0.0","9.369999886","0.0","0.0","0.0","491.0","388.0"
"6117666160","4/7/2016","4853.0","3.660000086","3.660000086","0.0","0.0","0.0","3.660000086","0.0","0.0","0.0","156.0","770.0"
"6117666160","4/8/2016","8955.0","6.760000229","6.760000229","0.0","0.0","0.0","6.7300000189999984","0.0","0.0","0.0","422.0","1018.0"
"6117666160","4/9/2016","10789.0","8.149999618999999","8.149999618999999","0.0","0.0","0.0","8.149999618999999","0.0","0.0","0.0","506.0","413.0"
"6117666160","4/10/2016","0.0","0.0","0.0","0.0","0.0","0.0","0.0","0.0","0.0","0.0","0.0","1440.0"
"6290855005","4/1/2016","6633.0","5.010000229","5.010000229","0.0","0.0","0.0","5.010000229","0.0","0.0","0.0","280.0","1160.0"
"6290855005","4/2/2016","9548.0","7.21999979","7.21999979","0.0","2.019999981","3.680000067","1.519999981","0.0","25.0","107.0","113.0","1195.0"
"6290855005","4/3/2016","0.0","0.0","0.0","0.0","0.0","0.0","0.0","0.0","33.0","0.0","0.0","1407.0"
"6290855005","4/4/2016","0.0","0.0","0.0","0.0","0.0","0.0","0.0","0.0","0.0","0.0","0.0","1440.0"
"6290855005","4/5/2016","0.0","0.0","0.0","0.0","0.0","0.0","0.0","0.0","0.0","0.0","0.0","1440.0"
"6290855005","4/6/2016","0.0","0.0","0.0","0.0","0.0","0.0","0.0","0.0","0.0","0.0","0.0","1440.0"
"6290855005","4/7/2016","0.0","0.0","0.0","0.0","0.0","0.0","0.0","0.0","0.0","0.0","0.0","1440.0"
"6290855005","4/8/2016","0.0","0.0","0.0","0.0","0.0","0.0","0.0","0.0","0.0","0.0","0.0","1440.0"
"6290855005","4/9/2016","0.0","0.0","0.0","0.0","0.0","0.0","0.0","0.0","0.0","0.0","0.0","1440.0"
"6290855005","4/10/2016","0.0","0.0","0.0","0.0","0.0","0.0","0.0","0.0","20.0","0.0","0.0","494.0"
"6391747486","4/1/2016","0.0","0.0","0.0","0.0","0.0","0.0","0.0","0.0","0.0","0.0","0.0","1440.0"
"6391747486","4/2/2016","2101.0","2.029999971","0.0","2.027772903","2.029999971","0.0","0.0","0.0","46.0","0.0","0.0","1394.0"
"6391747486","4/3/2016","0.0","0.0","0.0","0.0","0.0","0.0","0.0","0.0","0.0","0.0","0.0","1440.0"
"6391747486","4/4/2016","0.0","0.0","0.0","0.0","0.0","0.0","0.0","0.0","0.0","0.0","0.0","1440.0"
"6391747486","4/5/2016","9766.0","7.510000229","0.779999971","6.72705698","0.0","0.050000000999999995","7.460000038","0.0","0.0","6.0","301.0","1133.0"
"6391747486","4/6/2016","165.0","0.129999995","0.129999995","0.0","0.0","0.0","0.129999995","0.0","0.0","0.0","8.0","1432.0"
"6391747486","4/7/2016","0.0","0.0","0.0","0.0","0.0","0.0","0.0","0.0","0.0","0.0","0.0","1440.0"
"6391747486","4/8/2016","0.0","0.0","0.0","0.0","0.0","0.0","0.0","0.0","0.0","0.0","0.0","1440.0"
"6391747486","4/9/2016","0.0","0.0","0.0","0.0","0.0","0.0","0.0","0.0","0.0","0.0","0.0","198.0"
"6775888955","4/1/2016","7225.0","5.179999828","5.179999828","0.0","1.730000019","1.269999981","2.180000067","0.0","25.0","50.0","163.0","1189.0"
"6775888955","4/2/2016","1988.0","1.429999948","1.429999948","0.0","0.0","0.0","1.429999948","0.0","0.0","0.0","79.0","909.0"
"6775888955","4/3/2016","1577.0","1.129999995","1.129999995","0.0","0.07","0.889999986","0.17000000199999998","0.0","1.0","17.0","8.0","1414.0"
"6775888955","4/4/2016","0.0","0.0","0.0","0.0","0.0","0.0","0.0","0.0","0.0","0.0","0.0","1440.0"
"6775888955","4/5/2016","9348.0","6.6999998089999995","6.6999998089999995","0.0","1.129999995","2.039999962","3.140000105","0.0","56.0","133.0","240.0","1011.0"
"6775888955","4/6/2016","11761.0","8.430000305","8.430000305","0.0","1.309999943","2.440000057","4.679999828","0.0","24.0","99.0","300.0","550.0"
"6775888955","4/7/2016","13987.0","10.02999973","10.02999973","0.0","2.8699998860000004","3.339999914","3.819999933","0.0","46.0","114.0","250.0","739.0"
"6775888955","4/8/2016","4131.0","2.960000038","2.960000038","0.0","1.370000005","0.610000014","0.980000019","0.0","27.0","30.0","75.0","1308.0"
"6775888955","4/9/2016","14.0","0.01","0.01","0.0","0.0","0.0","0.01","0.0","0.0","0.0","1.0","601.0"
"6962181067","3/30/2016","15491.0","10.23999977","10.23999977","0.0","1.289999962","4.489999771","4.460000038","0.0","18.0","77.0","272.0","641.0"
"6962181067","3/31/2016","14097.0","9.319999695","9.319999695","0.0","3.5","1.919999957","3.900000095","0.0","50.0","32.0","234.0","595.0"
"6962181067","4/1/2016","10467.0","6.9800000189999984","6.9800000189999984","0.0","0.699999988","2.430000067","3.849999905","0.0","9.0","45.0","252.0","602.0"
"6962181067","4/2/2016","12437.0","8.300000191","8.300000191","0.0","3.75999999","1.289999962","3.24000001","0.0","50.0","24.0","219.0","732.0"
"6962181067","4/3/2016","12307.0","8.140000342999999","8.140000342999999","0.0","1.00999999","3.25999999","3.869999886","0.0","14.0","51.0","218.0","589.0"
"6962181067","4/4/2016","18952.0","12.80000019","12.80000019","0.0","5.909999847000001","1.230000019","5.659999847000001","0.0","73.0","20.0","327.0","570.0"
"6962181067","4/5/2016","12010.0","7.940000057000001","7.940000057000001","0.0","2.380000114","0.949999988","4.610000134","0.0","38.0","17.0","287.0","692.0"
"6962181067","4/6/2016","12480.0","8.859999657000001","8.25","3.97279501","4.179999828","0.689999998","4.0","0.0","55.0","14.0","276.0","593.0"
"6962181067","4/7/2016","13417.0","9.649999619","8.869999886","1.926301956","3.390000105","1.25","4.909999847","0.100000001","45.0","16.0","284.0","665.0"
"6962181067","4/8/2016","14400.0","10.88000011","9.520000458","5.45686388","2.470000029","2.8800001139999996","5.53000021","0.0","27.0","37.0","276.0","697.0"
"6962181067","4/9/2016","12495.0","8.260000229","8.260000229","0.0","2.210000038","1.090000033","4.960000038","0.0","33.0","19.0","324.0","609.0"
"6962181067","4/10/2016","10148.0","6.710000038","6.710000038","0.0","1.360000014","0.21999999899999995","5.130000114","0.0","19.0","7.0","306.0","679.0"
"6962181067","4/11/2016","12362.0","9.090000153","8.170000076","2.696455002","1.090000033","2.730000019","5.269999981000001","0.0","21.0","38.0","297.0","678.0"
"6962181067","4/12/2016","5893.0","3.900000095","3.900000095","0.0","2.8800001139999996","0.560000002","0.460000008","0.0","43.0","9.0","48.0","146.0"
"7007744171","4/1/2016","11680.0","9.06000042","7.809999942999999","4.9012827869999995","4.489999771","0.330000013","4.239999771","0.0","50.0","7.0","244.0","1139.0"
"7007744171","4/2/2016","10976.0","7.340000152999999","7.340000152999999","0.0","0.550000012","0.670000017","6.130000114","0.0","9.0","16.0","271.0","1075.0"
"7007744171","4/3/2016","16806.0","11.23999977","11.23999977","0.0","6.409999847000001","1.370000005","3.470000029","0.0","104.0","31.0","230.0","1002.0"
"7007744171","4/4/2016","15266.0","11.39999962","10.21000004","5.189849853999999","5.8000001910000005","0.75999999","4.789999962","0.050000000999999995","70.0","21.0","292.0","1057.0"
"7007744171","4/5/2016","12084.0","9.140000343","8.079999924","4.836380005","4.389999866","0.460000008","4.289999962","0.0","50.0","6.0","284.0","1030.0"
"7007744171","4/6/2016","13513.0","10.25","9.069999695","4.835720062","5.349999905","0.330000013","4.559999943","0.0","64.0","8.0","270.0","1098.0"
"7007744171","4/7/2016","14100.0","10.57999992","9.430000305","4.875989914","5.099999905","1.190000057","4.28000021","0.0","61.0","33.0","265.0","1015.0"
"7007744171","4/8/2016","12627.0","9.649999619","8.449999809","4.842319965","4.6999998089999995","0.74000001","4.210000038","0.0","54.0","22.0","301.0","1063.0"
"7007744171","4/9/2016","10345.0","6.920000076","6.920000076","0.0","0.07","0.27000001100000004","6.579999924","0.0","2.0","6.0","358.0","1074.0"
"7007744171","4/10/2016","10146.0","6.789999962","6.789999962","0.0","0.07","0.610000014","6.110000134","0.0","1.0","12.0","397.0","1030.0"
"7007744171","4/11/2016","12168.0","8.140000342999999","8.140000342999999","0.0","1.049999952","0.7900000209999999","6.289999962","0.0","18.0","27.0","375.0","1020.0"
"7007744171","4/12/2016","7413.0","5.7699999810000016","4.960000038","4.869782925","4.5","0.34000000399999997","0.939999998","0.0","53.0","6.0","43.0","405.0"
"7086361926","4/1/2016","11463.0","7.670000076","7.670000076","0.0","2.8299999239999996","1.889999986","2.930000067","0.0","38.0","30.0","154.0","777.0"
"7086361926","4/2/2016","87.0","0.02","0.02","0.0","0.0","0.0","0.01","0.0","0.0","0.0","2.0","872.0"
"7086361926","4/3/2016","1949.0","1.309999943","1.309999943","0.0","0.230000004","0.349999994","0.7300000190000001","0.0","3.0","6.0","27.0","1404.0"
"7086361926","4/4/2016","6101.0","3.869999886","3.869999886","0.0","0.5299999710000001","0.230000004","3.099999905","0.0","31.0","24.0","138.0","1247.0"
"7086361926","4/5/2016","7478.0","4.989999771","4.989999771","0.0","1.7999999519999998","0.5299999710000001","2.609999895","0.029999999","25.0","33.0","132.0","1159.0"
"7086361926","4/6/2016","7352.0","4.730000018999999","4.730000018999999","0.0","1.409999967","0.779999971","2.529999971","0.0","19.0","14.0","124.0","814.0"
"7086361926","4/7/2016","14604.0","10.81999969","10.81999969","0.0","7.2300000189999984","1.120000005","2.430000067","0.029999999","76.0","30.0","127.0","695.0"
"7086361926","4/8/2016","9634.0","6.5199999810000016","6.5199999810000016","0.0","2.5","1.399999976","2.589999914","0.0","50.0","48.0","140.0","797.0"
"7086361926","4/9/2016","7338.0","4.670000076","4.670000076","0.0","1.080000043","0.129999995","3.460000038","0.0","27.0","5.0","204.0","717.0"
"7086361926","4/10/2016","569.0","0.349999994","0.349999994","0.0","0.0","0.0","0.34000000399999997","0.0","0.0","0.0","27.0","1368.0"
"7086361926","4/11/2016","6242.0","3.920000076","3.920000076","0.0","0.74000001","0.230000004","2.930000067","0.0","46.0","22.0","126.0","741.0"
"7086361926","4/12/2016","430.0","0.25999999","0.25999999","0.0","0.0","0.0","0.25999999","0.0","0.0","0.0","14.0","75.0"
"8053475328","4/2/2016","20188.0","15.61999989","15.61999989","0.0","12.06000042","0.8500000240000001","2.710000038","0.0","124.0","19.0","172.0","1125.0"
"8053475328","4/3/2016","25701.0","20.13999939","20.13999939","0.0","16.81999969","1.629999995","1.6900000569999998","0.0","165.0","36.0","97.0","1142.0"
"8053475328","4/4/2016","17395.0","13.21000004","13.21000004","0.0","9.670000076","0.180000007","3.349999905","0.0","100.0","4.0","213.0","1123.0"
"8053475328","4/5/2016","17167.0","13.40999985","13.40999985","0.0","9.960000038","0.310000002","3.140000105","0.0","98.0","8.0","184.0","1150.0"
"8053475328","4/6/2016","16435.0","12.42000008","12.42000008","0.0","8.960000037999999","0.550000012","2.910000086","0.0","100.0","14.0","191.0","1135.0"
"8053475328","4/7/2016","17078.0","13.19999981","13.19999981","0.0","9.970000267","0.239999995","2.99000001","0.0","101.0","6.0","190.0","1143.0"
"8053475328","4/8/2016","11693.0","9.539999962","9.539999962","0.0","6.7699999810000016","0.25999999","2.5","0.0","60.0","6.0","153.0","1221.0"
"8053475328","4/9/2016","11159.0","9.140000343","9.140000343","0.0","6.690000057000001","0.25","2.190000057","0.0","59.0","6.0","120.0","1255.0"
"8053475328","4/10/2016","10118.0","7.7300000189999984","7.7300000189999984","0.0","3.049999952","0.800000012","3.880000114","0.0","30.0","18.0","207.0","1185.0"
"8053475328","4/11/2016","16064.0","12.72000027","12.72000027","0.0","9.979999542","0.360000014","2.380000114","0.0","96.0","8.0","155.0","1181.0"
"8053475328","4/12/2016","290.0","0.209999993","0.209999993","0.0","0.0","0.0","0.209999993","0.0","0.0","0.0","16.0","599.0"
"8253242879","4/1/2016","0.0","0.0","0.0","0.0","0.0","0.0","0.0","0.0","0.0","0.0","0.0","1440.0"
"8253242879","4/2/2016","0.0","0.0","0.0","0.0","0.0","0.0","0.0","0.0","0.0","0.0","0.0","1440.0"
"8253242879","4/3/2016","0.0","0.0","0.0","0.0","0.0","0.0","0.0","0.0","0.0","0.0","0.0","1440.0"
"8253242879","4/4/2016","0.0","0.0","0.0","0.0","0.0","0.0","0.0","0.0","0.0","0.0","0.0","1440.0"
"8253242879","4/5/2016","0.0","0.0","0.0","0.0","0.0","0.0","0.0","0.0","0.0","0.0","0.0","1440.0"
"8253242879","4/6/2016","1931.0","1.2799999709999998","1.2799999709999998","0.0","0.0","0.0","1.2799999709999998","0.0","0.0","0.0","94.0","1346.0"
"8253242879","4/7/2016","5181.0","3.4200000760000004","3.4200000760000004","0.0","1.0","0.910000026","1.50999999","0.01","15.0","15.0","107.0","1303.0"
"8253242879","4/8/2016","12026.0","9.149999619","9.149999619","0.0","5.6999998089999995","0.930000007","2.50999999","0.0","47.0","13.0","150.0","1230.0"
"8253242879","4/9/2016","5360.0","3.539999962","3.539999962","0.0","0.540000021","1.5499999519999998","1.4600000380000002","0.0","8.0","28.0","148.0","1256.0"
"8253242879","4/10/2016","2545.0","1.679999948","1.679999948","0.0","0.0","0.0","1.669999957","0.02","0.0","0.0","126.0","1314.0"
"8253242879","4/11/2016","1636.0","1.080000043","1.080000043","0.0","0.0","0.0","1.080000043","0.0","0.0","0.0","86.0","1139.0"
"8253242879","4/12/2016","0.0","0.0","0.0","0.0","0.0","0.0","0.0","0.0","0.0","0.0","0.0","1440.0"
"8378563200","4/1/2016","14179.0","11.23999977","11.23999977","0.0","6.2300000189999984","1.059999943","3.960000038","0.0","73.0","21.0","195.0","719.0"
"8378563200","4/2/2016","3358.0","2.660000086","2.660000086","0.0","0.0","0.0","2.660000086","0.0","0.0","0.0","144.0","657.0"
"8378563200","4/3/2016","9152.0","7.260000229","7.260000229","0.0","1.99000001","0.8199999929999999","4.4499998089999995","0.0","25.0","13.0","243.0","600.0"
"8378563200","4/4/2016","13935.0","11.05000019","11.05000019","2.0921471119999997","4.090000153","0.7900000209999999","6.170000076","0.0","105.0","16.0","220.0","658.0"
"8378563200","4/5/2016","12846.0","10.18999958","10.18999958","2.253081083","5.0","0.75","4.440000057","0.0","113.0","15.0","189.0","686.0"
